INSERT INTO Modalidade (nome) VALUES ('Salto em Comprimento');
INSERT INTO Modalidade (nome) VALUES ('Salto em Altura');
INSERT INTO Modalidade (nome) VALUES ('Estafetas');
INSERT INTO Modalidade (nome) VALUES ('Sprint 60m');
INSERT INTO Modalidade (nome) VALUES ('Sprint 100m');
INSERT INTO Modalidade (nome) VALUES ('Sprint 200m');
INSERT INTO Modalidade (nome) VALUES ('Sprint 400m');
INSERT INTO Modalidade (nome) VALUES ('Barreiras 60m');
INSERT INTO Modalidade (nome) VALUES ('Barreiras 100m');
INSERT INTO Modalidade (nome) VALUES ('Barreiras 400m');
INSERT INTO Modalidade (nome) VALUES ('Lançamento do Peso');
INSERT INTO Modalidade (nome) VALUES ('Lançamento do Martelo');
INSERT INTO Modalidade (nome) VALUES ('Lançamento do Dardo');
INSERT INTO Modalidade (nome) VALUES ('Lançamento do Disco');
INSERT INTO Modalidade (nome) VALUES ('Maratona');
INSERT INTO Profissional (nome) VALUES ('Constantino');
INSERT INTO Profissional (nome) VALUES ('Tarciso');
INSERT INTO Profissional (nome) VALUES ('Olivia');
INSERT INTO Profissional (nome) VALUES ('Derick');
INSERT INTO Profissional (nome) VALUES ('Khadija');
INSERT INTO Profissional (nome) VALUES ('Papa-Ndiogou');
INSERT INTO Profissional (nome) VALUES ('Marius');
INSERT INTO Profissional (nome) VALUES ('Manish');
INSERT INTO Profissional (nome) VALUES ('Vinildo');
INSERT INTO Profissional (nome) VALUES ('Humaira');
INSERT INTO Profissional (nome) VALUES ('Rayna');
INSERT INTO Profissional (nome) VALUES ('Rafia');
INSERT INTO Profissional (nome) VALUES ('Nelson');
INSERT INTO Profissional (nome) VALUES ('Jamie');
INSERT INTO Profissional (nome) VALUES ('Maura');
INSERT INTO Profissional (nome) VALUES ('Manteg');
INSERT INTO Profissional (nome) VALUES ('Nayra');
INSERT INTO Profissional (nome) VALUES ('Adame');
INSERT INTO Profissional (nome) VALUES ('Lisandra');
INSERT INTO Profissional (nome) VALUES ('Enzo');
INSERT INTO Profissional (nome) VALUES ('Helaine');
INSERT INTO Profissional (nome) VALUES ('Kadirkhan');
INSERT INTO Profissional (nome) VALUES ('Lavonne');
INSERT INTO Profissional (nome) VALUES ('Seerat');
INSERT INTO Profissional (nome) VALUES ('Mansirat');
INSERT INTO Profissional (nome) VALUES ('Steven');
INSERT INTO Profissional (nome) VALUES ('Brianna');
INSERT INTO Profissional (nome) VALUES ('Stanislawa');
INSERT INTO Profissional (nome) VALUES ('Niah');
INSERT INTO Profissional (nome) VALUES ('Florinda');
INSERT INTO Profissional (nome) VALUES ('Patrício');
INSERT INTO Atleta (sexo, nome, peso, altura, morada, DOB, id_modalidade) VALUES ('M', 'Alberto Rui Vilaverde Monteiro da Silva', '133', '178', 'Merelim (São Pedro) e Frossos, Braga', '1979-7-26', 5);
INSERT INTO Atleta (sexo, nome, peso, altura, morada, DOB, id_modalidade) VALUES ('M', 'Alexandre Esteves Miranda', '75', '185', 'Escudeiros e Penso (Santo Estêvão e São Vicente), Braga', '1991-4-2', 13);
INSERT INTO Atleta (sexo, nome, peso, altura, morada, DOB, id_modalidade) VALUES ('F', 'Ana Luísa Pereira de César', '103', '183', 'Pedralva, Braga', '1989-6-25', 4);
INSERT INTO Atleta (sexo, nome, peso, altura, morada, DOB, id_modalidade) VALUES ('F', 'Ana Margarida Reis Maia Campos', '101', '174', 'Santa Lucrécia de Algeriz e Navarra, Braga', '1986-11-3', 1);
INSERT INTO Atleta (sexo, nome, peso, altura, morada, DOB, id_modalidade) VALUES ('F', 'Ana Rita Miranda Rosendo', '73', '216', 'Braga (Maximinos, Sé e Cividade), Braga', '1990-5-29', 1);
INSERT INTO Atleta (sexo, nome, peso, altura, morada, DOB, id_modalidade) VALUES ('M', 'André Alves dos Santos', '134', '189', 'Sobreposta, Braga', '1993-10-29', 4);
INSERT INTO Atleta (sexo, nome, peso, altura, morada, DOB, id_modalidade) VALUES ('M', 'André Bernardo Coelho Nunes', '84', '211', 'Guisande e Oliveira (São Pedro), Braga', '1977-11-25', 9);
INSERT INTO Atleta (sexo, nome, peso, altura, morada, DOB, id_modalidade) VALUES ('M', 'André Daniel Freitas Ferreira', '87', '225', 'Sobreposta, Braga', '1988-9-10', 2);
INSERT INTO Atleta (sexo, nome, peso, altura, morada, DOB, id_modalidade) VALUES ('M', 'André Sousa Figueiredo', '99', '178', 'Esporões, Braga', '1988-10-14', 15);
INSERT INTO Atleta (sexo, nome, peso, altura, morada, DOB, id_modalidade) VALUES ('F', 'Beatriz Freitas Rocha', '102', '209', 'Celeirós, Aveleda e Vimieiro, Braga', '1978-7-3', 2);
INSERT INTO Atleta (sexo, nome, peso, altura, morada, DOB, id_modalidade) VALUES ('M', 'Bernardo José Barbosa Alves', '121', '199', 'Priscos, Braga', '1979-12-31', 1);
INSERT INTO Atleta (sexo, nome, peso, altura, morada, DOB, id_modalidade) VALUES ('M', 'Bruno Alexandre Dias Novais de Sousa', '92', '173', 'Ruilhe, Braga', '1988-11-14', 1);
INSERT INTO Atleta (sexo, nome, peso, altura, morada, DOB, id_modalidade) VALUES ('M', 'Bruno Alves Martins Carvalho', '83', '215', 'São Victor, Braga', '1985-12-9', 2);
INSERT INTO Atleta (sexo, nome, peso, altura, morada, DOB, id_modalidade) VALUES ('M', 'Bruno Miguel Faria Fernandes', '85', '225', 'Nogueiró e Tenões, Braga', '1977-2-12', 12);
INSERT INTO Atleta (sexo, nome, peso, altura, morada, DOB, id_modalidade) VALUES ('M', 'Carlos César Madureira Romano', '128', '202', 'Arentim e Cunha, Braga', '1986-6-6', 1);
INSERT INTO Atleta (sexo, nome, peso, altura, morada, DOB, id_modalidade) VALUES ('F', 'Catarina Freitas da Cruz', '121', '217', 'Guisande e Oliveira (São Pedro), Braga', '1986-2-20', 15);
INSERT INTO Atleta (sexo, nome, peso, altura, morada, DOB, id_modalidade) VALUES ('M', 'Celso André de Carvalho Rodrigues', '93', '215', 'Esporões, Braga', '1981-1-7', 11);
INSERT INTO Atleta (sexo, nome, peso, altura, morada, DOB, id_modalidade) VALUES ('F', 'Daniela Eduarda Cruz Fernandes', '70', '195', 'Escudeiros e Penso (Santo Estêvão e São Vicente), Braga', '1975-5-12', 12);
INSERT INTO Atleta (sexo, nome, peso, altura, morada, DOB, id_modalidade) VALUES ('F', 'Daniela Sofia Pereira Arruda', '69', '182', 'Arentim e Cunha, Braga', '1994-4-28', 3);
INSERT INTO Atleta (sexo, nome, peso, altura, morada, DOB, id_modalidade) VALUES ('M', 'Diogo Araújo Ferreira', '98', '190', 'Ferreiros e Gondizalves, Braga', '1989-2-16', 6);
INSERT INTO Atleta (sexo, nome, peso, altura, morada, DOB, id_modalidade) VALUES ('M', 'Diogo Miguel Alves Rocha', '125', '213', 'Lomar e Arcos, Braga', '1979-1-7', 6);
INSERT INTO Atleta (sexo, nome, peso, altura, morada, DOB, id_modalidade) VALUES ('M', 'Diogo Paulo Lopes de Vasconcelos', '103', '208', 'Nogueira, Fraião e Lamaçães, Braga', '1990-5-10', 15);
INSERT INTO Atleta (sexo, nome, peso, altura, morada, DOB, id_modalidade) VALUES ('M', 'Diogo Pinto Ribeiro', '121', '212', 'Tebosa, Braga', '1995-6-6', 10);
INSERT INTO Atleta (sexo, nome, peso, altura, morada, DOB, id_modalidade) VALUES ('M', 'Duarte Manuel Vilar de Oliveira', '114', '153', 'Celeirós, Aveleda e Vimieiro, Braga', '1978-9-19', 5);
INSERT INTO Atleta (sexo, nome, peso, altura, morada, DOB, id_modalidade) VALUES ('M', 'Eduardo José Azevedo Ferreira Araújo', '90', '193', 'Este (São Pedro e São Mamede), Braga', '1987-3-5', 13);
INSERT INTO Atleta (sexo, nome, peso, altura, morada, DOB, id_modalidade) VALUES ('M', 'Fábio Fernandes Silva', '88', '204', 'Guisande e Oliveira (São Pedro), Braga', '1985-9-8', 4);
INSERT INTO Atleta (sexo, nome, peso, altura, morada, DOB, id_modalidade) VALUES ('F', 'Fernanda Manuela Alves Dias', '109', '225', 'Ferreiros e Gondizalves, Braga', '1984-6-14', 11);
INSERT INTO Atleta (sexo, nome, peso, altura, morada, DOB, id_modalidade) VALUES ('M', 'Filipe Gonçalves de Macedo', '146', '200', 'Braga (Maximinos, Sé e Cividade), Braga', '1979-10-1', 7);
INSERT INTO Atleta (sexo, nome, peso, altura, morada, DOB, id_modalidade) VALUES ('M', 'Filipe José Vieira Barbosa', '84', '203', 'Cabreiros e Passos (São Julião), Braga', '1977-3-14', 5);
INSERT INTO Atleta (sexo, nome, peso, altura, morada, DOB, id_modalidade) VALUES ('M', 'Francisco Egídio Coutinho Martins Correia', '87', '192', 'Tebosa, Braga', '1988-12-30', 3);
INSERT INTO Atleta (sexo, nome, peso, altura, morada, DOB, id_modalidade) VALUES ('M', 'Gonçalo Leal da Mota Meireles Moreira', '58', '178', 'Real, Dume e Semelhe, Braga', '1984-11-12', 2);
INSERT INTO Atleta (sexo, nome, peso, altura, morada, DOB, id_modalidade) VALUES ('M', 'Goncalo Nuno Esperança Quesado', '82', '173', 'Lamas, Braga', '1989-11-12', 11);
INSERT INTO Atleta (sexo, nome, peso, altura, morada, DOB, id_modalidade) VALUES ('M', 'Guilherme de Araujo Soares', '118', '227', 'Sobreposta, Braga', '1976-7-14', 1);
INSERT INTO Atleta (sexo, nome, peso, altura, morada, DOB, id_modalidade) VALUES ('M', 'Guilherme João Cerqueira da Mota Miranda', '112', '155', 'Priscos, Braga', '1985-8-7', 6);
INSERT INTO Atleta (sexo, nome, peso, altura, morada, DOB, id_modalidade) VALUES ('F', 'Helena Poças Martins', '62', '200', 'Merelim (São Pedro) e Frossos, Braga', '1990-2-6', 13);
INSERT INTO Atleta (sexo, nome, peso, altura, morada, DOB, id_modalidade) VALUES ('M', 'Henrique Veiga da Paz', '102', '209', 'Crespos e Pousada, Braga', '1983-2-18', 10);
INSERT INTO Atleta (sexo, nome, peso, altura, morada, DOB, id_modalidade) VALUES ('M', 'Hugo André Coelho Cardoso', '57', '165', 'Esporões, Braga', '1989-7-6', 13);
INSERT INTO Atleta (sexo, nome, peso, altura, morada, DOB, id_modalidade) VALUES ('M', 'Hugo André da Silva Veloso Moreira', '89', '166', 'Priscos, Braga', '1988-3-8', 8);
INSERT INTO Atleta (sexo, nome, peso, altura, morada, DOB, id_modalidade) VALUES ('M', 'Hugo Fernandes Matias', '110', '234', 'Nogueira, Fraião e Lamaçães, Braga', '1991-3-12', 8);
INSERT INTO Atleta (sexo, nome, peso, altura, morada, DOB, id_modalidade) VALUES ('M', 'Hugo Filipe Duarte Carvalho', '142', '230', 'Celeirós, Aveleda e Vimieiro, Braga', '1990-4-10', 1);
INSERT INTO Atleta (sexo, nome, peso, altura, morada, DOB, id_modalidade) VALUES ('F', 'Joana Esteves Dantas', '122', '176', 'Ruilhe, Braga', '1994-8-1', 4);
INSERT INTO Atleta (sexo, nome, peso, altura, morada, DOB, id_modalidade) VALUES ('M', 'Joan Manuel Cedeño Rodriguez', '87', '255', 'Mire de Tibães, Braga', '1978-11-10', 9);
INSERT INTO Atleta (sexo, nome, peso, altura, morada, DOB, id_modalidade) VALUES ('M', 'João Bernardo Coutinho Barreiros de Freitas', '150', '206', 'Esporões, Braga', '1988-12-25', 8);
INSERT INTO Atleta (sexo, nome, peso, altura, morada, DOB, id_modalidade) VALUES ('M', 'João Carlos Pereira Rodrigues', '53', '217', 'Celeirós, Aveleda e Vimieiro, Braga', '1990-4-18', 13);
INSERT INTO Atleta (sexo, nome, peso, altura, morada, DOB, id_modalidade) VALUES ('M', 'João da Cunha e Costa', '108', '190', 'Pedralva, Braga', '1983-11-1', 2);
INSERT INTO Atleta (sexo, nome, peso, altura, morada, DOB, id_modalidade) VALUES ('M', 'João Duarte Vila Verde Silva', '103', '212', 'Merelim (São Paio), Panoias e Parada de Tibães, Braga', '1976-1-9', 7);
INSERT INTO Atleta (sexo, nome, peso, altura, morada, DOB, id_modalidade) VALUES ('M', 'João Manuel da Rocha Rodrigues', '112', '171', 'Sobreposta, Braga', '1993-12-13', 8);
INSERT INTO Atleta (sexo, nome, peso, altura, morada, DOB, id_modalidade) VALUES ('M', 'João Manuel Silva Antunes', '98', '122', 'Crespos e Pousada, Braga', '1983-6-10', 14);
INSERT INTO Atleta (sexo, nome, peso, altura, morada, DOB, id_modalidade) VALUES ('M', 'João Nuno Brandão Silva', '75', '189', 'Figueiredo, Braga', '1994-2-2', 2);
INSERT INTO Atleta (sexo, nome, peso, altura, morada, DOB, id_modalidade) VALUES ('M', 'João Nuno Cardoso Gonçalves de Abreu', '102', '213', 'Lomar e Arcos, Braga', '1984-9-11', 2);
INSERT INTO Atleta (sexo, nome, peso, altura, morada, DOB, id_modalidade) VALUES ('M', 'João Pedro Dias Fernandes', '107', '190', 'Sobreposta, Braga', '1982-3-3', 7);
INSERT INTO Atleta (sexo, nome, peso, altura, morada, DOB, id_modalidade) VALUES ('M', 'João Pedro Magalhães Teixeira', '64', '245', 'Merelim (São Pedro) e Frossos, Braga', '1984-9-5', 10);
INSERT INTO Atleta (sexo, nome, peso, altura, morada, DOB, id_modalidade) VALUES ('M', 'João Pedro Oliveira Meira', '92', '199', 'Sobreposta, Braga', '1995-4-18', 2);
INSERT INTO Atleta (sexo, nome, peso, altura, morada, DOB, id_modalidade) VALUES ('M', 'João Pedro Rodrigues Azevedo', '86', '214', 'Priscos, Braga', '1995-9-13', 12);
INSERT INTO Atleta (sexo, nome, peso, altura, morada, DOB, id_modalidade) VALUES ('M', 'João Tiago Oliveira Sousa Nogueira Lopes', '92', '167', 'Merelim (São Paio), Panoias e Parada de Tibães, Braga', '1984-8-12', 10);
INSERT INTO Atleta (sexo, nome, peso, altura, morada, DOB, id_modalidade) VALUES ('M', 'Joaquim Francisco Barata Simões', '60', '213', 'Espinho, Braga', '1980-2-23', 2);
INSERT INTO Atleta (sexo, nome, peso, altura, morada, DOB, id_modalidade) VALUES ('M', 'Jorge Manuel Loureiro Vieira', '162', '193', 'Palmeira, Braga', '1987-10-15', 3);
INSERT INTO Atleta (sexo, nome, peso, altura, morada, DOB, id_modalidade) VALUES ('M', 'Jorge Miguel da Silva Brandão Gonçalves', '82', '240', 'Tebosa, Braga', '1984-6-21', 8);
INSERT INTO Atleta (sexo, nome, peso, altura, morada, DOB, id_modalidade) VALUES ('M', 'José Diogo Xavier Monteiro', '116', '183', 'Priscos, Braga', '1981-8-16', 12);
INSERT INTO Atleta (sexo, nome, peso, altura, morada, DOB, id_modalidade) VALUES ('M', 'Luís Alberto Diogo Pereira de Lima', '92', '225', 'Sequeira, Braga', '1985-8-21', 1);
INSERT INTO Atleta (sexo, nome, peso, altura, morada, DOB, id_modalidade) VALUES ('M', 'Luís Daniel da Silva Félix', '113', '196', 'Ruilhe, Braga', '1984-3-24', 8);
INSERT INTO Atleta (sexo, nome, peso, altura, morada, DOB, id_modalidade) VALUES ('M', 'Luis Filipe da Silva Costa', '70', '155', 'Braga (São José de São Lázaro e São João do Souto), Braga', '1994-4-1', 6);
INSERT INTO Atleta (sexo, nome, peso, altura, morada, DOB, id_modalidade) VALUES ('M', 'Luís Miguel Aquino Silva', '113', '201', 'São Vicente, Braga', '1987-1-28', 9);
INSERT INTO Atleta (sexo, nome, peso, altura, morada, DOB, id_modalidade) VALUES ('M', 'Luís Miguel Arrepia Ferreira', '107', '149', 'Cabreiros e Passos (São Julião), Braga', '1977-11-24', 15);
INSERT INTO Atleta (sexo, nome, peso, altura, morada, DOB, id_modalidade) VALUES ('M', 'Luís Pedro da Silva Vila', '81', '203', 'Pedralva, Braga', '1975-6-2', 2);
INSERT INTO Atleta (sexo, nome, peso, altura, morada, DOB, id_modalidade) VALUES ('M', 'Marco Alexandre Félix de Lima', '70', '245', 'Adaúfe, Braga', '1983-11-23', 5);
INSERT INTO Atleta (sexo, nome, peso, altura, morada, DOB, id_modalidade) VALUES ('M', 'Marco Antonio Rodrigues Sampaio', '91', '208', 'Guisande e Oliveira (São Pedro), Braga', '1979-10-10', 4);
INSERT INTO Atleta (sexo, nome, peso, altura, morada, DOB, id_modalidade) VALUES ('F', 'Maria Francisca Tavares Martins Fernandes', '132', '188', 'Crespos e Pousada, Braga', '1988-8-23', 6);
INSERT INTO Atleta (sexo, nome, peso, altura, morada, DOB, id_modalidade) VALUES ('F', 'Maria Inês de Azevedo Mouroa Alves', '108', '218', 'Palmeira, Braga', '1980-6-14', 11);
INSERT INTO Atleta (sexo, nome, peso, altura, morada, DOB, id_modalidade) VALUES ('F', 'Maria José Borges Pires', '75', '206', 'Real, Dume e Semelhe, Braga', '1979-8-30', 12);
INSERT INTO Atleta (sexo, nome, peso, altura, morada, DOB, id_modalidade) VALUES ('F', 'Maria Laura de Araújo Barbosa', '110', '199', 'Esporões, Braga', '1991-6-5', 4);
INSERT INTO Atleta (sexo, nome, peso, altura, morada, DOB, id_modalidade) VALUES ('F', 'Maria Luísa Faria Silva', '94', '198', 'Ferreiros e Gondizalves, Braga', '1989-6-26', 7);
INSERT INTO Atleta (sexo, nome, peso, altura, morada, DOB, id_modalidade) VALUES ('F', 'Maria Miguel Albuquerque Regueiras', '68', '219', 'Real, Dume e Semelhe, Braga', '1990-7-24', 4);
INSERT INTO Atleta (sexo, nome, peso, altura, morada, DOB, id_modalidade) VALUES ('F', 'Mariana Gonçalves Marques', '91', '180', 'Figueiredo, Braga', '1989-4-19', 12);
INSERT INTO Atleta (sexo, nome, peso, altura, morada, DOB, id_modalidade) VALUES ('F', 'Mariana Lino Lopes Costa', '129', '179', 'Braga (São José de São Lázaro e São João do Souto), Braga', '1987-1-8', 11);
INSERT INTO Atleta (sexo, nome, peso, altura, morada, DOB, id_modalidade) VALUES ('M', 'Miguel Cardoso Pereira', '65', '202', 'Celeirós, Aveleda e Vimieiro, Braga', '1980-6-2', 12);
INSERT INTO Atleta (sexo, nome, peso, altura, morada, DOB, id_modalidade) VALUES ('M', 'Miguel Rúben Silva de Oliveira', '64', '182', 'Ferreiros e Gondizalves, Braga', '1982-10-10', 10);
INSERT INTO Atleta (sexo, nome, peso, altura, morada, DOB, id_modalidade) VALUES ('M', 'Nélson Miguel de Oliveira Estevão', '91', '223', 'Celeirós, Aveleda e Vimieiro, Braga', '1991-5-25', 15);
INSERT INTO Atleta (sexo, nome, peso, altura, morada, DOB, id_modalidade) VALUES ('M', 'Nuno Azevedo Alves da Cunha', '109', '212', 'Nogueiró e Tenões, Braga', '1988-8-2', 11);
INSERT INTO Atleta (sexo, nome, peso, altura, morada, DOB, id_modalidade) VALUES ('M', 'Pedro André Correia Neves Parpot', '133', '186', 'Sobreposta, Braga', '1995-9-30', 12);
INSERT INTO Atleta (sexo, nome, peso, altura, morada, DOB, id_modalidade) VALUES ('M', 'Pedro Daniel Fernandes Abreu', '94', '188', 'Real, Dume e Semelhe, Braga', '1993-8-16', 5);
INSERT INTO Atleta (sexo, nome, peso, altura, morada, DOB, id_modalidade) VALUES ('M', 'Pedro Filipe Carvalho Barbosa', '84', '200', 'São Vicente, Braga', '1981-6-9', 1);
INSERT INTO Atleta (sexo, nome, peso, altura, morada, DOB, id_modalidade) VALUES ('M', 'Pedro Gomes Machado Monteiro Fernandes', '81', '215', 'Braga (Maximinos, Sé e Cividade), Braga', '1976-3-12', 1);
INSERT INTO Atleta (sexo, nome, peso, altura, morada, DOB, id_modalidade) VALUES ('M', 'Pedro Miguel Borges Rodrigues', '81', '172', 'Merelim (São Pedro) e Frossos, Braga', '1995-1-5', 2);
INSERT INTO Atleta (sexo, nome, peso, altura, morada, DOB, id_modalidade) VALUES ('M', 'Pedro Miguel Queiros Gomes', '113', '196', 'Real, Dume e Semelhe, Braga', '1982-10-13', 9);
INSERT INTO Atleta (sexo, nome, peso, altura, morada, DOB, id_modalidade) VALUES ('M', 'Pedro Nuno Fernandes Freitas', '115', '175', 'Guisande e Oliveira (São Pedro), Braga', '1989-4-11', 10);
INSERT INTO Atleta (sexo, nome, peso, altura, morada, DOB, id_modalidade) VALUES ('M', 'Pedro Rafael Bernardo Medeiros', '86', '198', 'Crespos e Pousada, Braga', '1994-2-26', 6);
INSERT INTO Atleta (sexo, nome, peso, altura, morada, DOB, id_modalidade) VALUES ('M', 'Pedro Rafael Martins de Oliveira', '144', '177', 'Morreira e Trandeiras, Braga', '1992-8-29', 6);
INSERT INTO Atleta (sexo, nome, peso, altura, morada, DOB, id_modalidade) VALUES ('M', 'Peter Ferreira Vala', '115', '203', 'Lomar e Arcos, Braga', '1975-9-2', 4);
INSERT INTO Atleta (sexo, nome, peso, altura, morada, DOB, id_modalidade) VALUES ('M', 'Rafael Antunes Simões', '73', '155', 'Padim da Graça, Braga', '1977-4-28', 9);
INSERT INTO Atleta (sexo, nome, peso, altura, morada, DOB, id_modalidade) VALUES ('M', 'Renato Jorge Cruzinha da Silva', '101', '197', 'Nogueiró e Tenões, Braga', '1981-4-9', 11);
INSERT INTO Atleta (sexo, nome, peso, altura, morada, DOB, id_modalidade) VALUES ('M', 'Ricardo José Santos Veloso', '122', '202', 'Mire de Tibães, Braga', '1984-9-28', 7);
INSERT INTO Atleta (sexo, nome, peso, altura, morada, DOB, id_modalidade) VALUES ('M', 'Ricardo Miguel da Silva Pereira', '103', '205', 'Lomar e Arcos, Braga', '1990-6-28', 12);
INSERT INTO Atleta (sexo, nome, peso, altura, morada, DOB, id_modalidade) VALUES ('M', 'Ricardo Vieira Carvalho', '93', '190', 'Lamas, Braga', '1976-5-30', 9);
INSERT INTO Atleta (sexo, nome, peso, altura, morada, DOB, id_modalidade) VALUES ('M', 'Rui Alexandre Dias Neto', '95', '194', 'Cabreiros e Passos (São Julião), Braga', '1975-8-16', 12);
INSERT INTO Atleta (sexo, nome, peso, altura, morada, DOB, id_modalidade) VALUES ('M', 'Rui Filipe Chaves', '83', '191', 'Ruilhe, Braga', '1976-7-16', 8);
INSERT INTO Atleta (sexo, nome, peso, altura, morada, DOB, id_modalidade) VALUES ('M', 'Rui Filipe Traila de Sousa', '104', '189', 'Ruilhe, Braga', '1978-2-3', 4);
INSERT INTO Atleta (sexo, nome, peso, altura, morada, DOB, id_modalidade) VALUES ('M', 'Rui Miguel Pimenta e Cunha', '95', '186', 'Crespos e Pousada, Braga', '1979-7-29', 15);
INSERT INTO Atleta (sexo, nome, peso, altura, morada, DOB, id_modalidade) VALUES ('M', 'Rui Nuno Borges Cruz Oliveira', '109', '214', 'Gualtar, Braga', '1989-10-3', 14);
INSERT INTO Atleta (sexo, nome, peso, altura, morada, DOB, id_modalidade) VALUES ('M', 'Rui Pedro Neto Reis', '139', '224', 'Real, Dume e Semelhe, Braga', '1992-7-2', 3);
INSERT INTO Atleta (sexo, nome, peso, altura, morada, DOB, id_modalidade) VALUES ('M', 'Shahzod Yusupov', '97', '214', 'Lamas, Braga', '1990-4-5', 14);
INSERT INTO Atleta (sexo, nome, peso, altura, morada, DOB, id_modalidade) VALUES ('F', 'Tânia Filipa Amorim da Rocha', '100', '215', 'Merelim (São Paio), Panoias e Parada de Tibães, Braga', '1986-6-14', 2);
INSERT INTO Atleta (sexo, nome, peso, altura, morada, DOB, id_modalidade) VALUES ('M', 'Tiago Gabriel Pereira da Silva', '109', '223', 'Tebosa, Braga', '1984-10-18', 13);
INSERT INTO Atleta (sexo, nome, peso, altura, morada, DOB, id_modalidade) VALUES ('M', 'Tiago Gomes Campos', '94', '216', 'Figueiredo, Braga', '1984-8-17', 10);
INSERT INTO Atleta (sexo, nome, peso, altura, morada, DOB, id_modalidade) VALUES ('M', 'Válter Ferreira Picas Carvalho', '99', '209', 'Santa Lucrécia de Algeriz e Navarra, Braga', '1992-11-9', 5);
INSERT INTO Prova (data_hora, duração, nome, id_modalidade) VALUES ('2020-1-4T18:50', 406, 'Salto em Comprimento', 1);
INSERT INTO Prova (data_hora, duração, nome, id_modalidade) VALUES ('2020-12-14T12:13', 1166, 'Salto em Altura', 2);
INSERT INTO Prova (data_hora, duração, nome, id_modalidade) VALUES ('2020-12-18T17:27', 204, 'Estafetas', 3);
INSERT INTO Prova (data_hora, duração, nome, id_modalidade) VALUES ('2020-7-21T13:7', 1471, 'Sprint 60m', 4);
INSERT INTO Prova (data_hora, duração, nome, id_modalidade) VALUES ('2020-11-23T20:34', 1156, 'Sprint 100m', 5);
INSERT INTO Prova (data_hora, duração, nome, id_modalidade) VALUES ('2020-12-27T12:4', 1260, 'Sprint 200m', 6);
INSERT INTO Prova (data_hora, duração, nome, id_modalidade) VALUES ('2021-4-12T19:30', 1175, 'Sprint 400m', 7);
INSERT INTO Prova (data_hora, duração, nome, id_modalidade) VALUES ('2020-3-26T9:35', 1344, 'Barreiras 60m', 8);
INSERT INTO Prova (data_hora, duração, nome, id_modalidade) VALUES ('2021-10-21T9:51', 532, 'Barreiras 100m', 9);
INSERT INTO Prova (data_hora, duração, nome, id_modalidade) VALUES ('2021-3-6T17:4', 556, 'Barreiras 400m', 10);
INSERT INTO Prova (data_hora, duração, nome, id_modalidade) VALUES ('2020-8-19T20:13', 964, 'Lançamento do Peso', 11);
INSERT INTO Prova (data_hora, duração, nome, id_modalidade) VALUES ('2020-4-25T15:22', 543, 'Lançamento do Martelo', 12);
INSERT INTO Prova (data_hora, duração, nome, id_modalidade) VALUES ('2021-2-20T9:33', 1469, 'Lançamento do Dardo', 13);
INSERT INTO Prova (data_hora, duração, nome, id_modalidade) VALUES ('2021-8-10T9:14', 668, 'Lançamento do Disco', 14);
INSERT INTO Prova (data_hora, duração, nome, id_modalidade) VALUES ('2021-12-16T17:20', 323, 'Maratona', 15);
INSERT INTO TesteClinico (nome, realizado, preço, duração, data_hora) VALUES ('Controlo Anti-Doping', 1, 11, 6, '2020-10-13T20:12');
INSERT INTO Teste_Profissional (id_teste_clinico, id_profissional) VALUES (1, 7);
INSERT INTO Atleta_Teste_Clinico (id_teste_clinico, id_atleta) VALUES (1, 5);
INSERT INTO TesteClinico (nome, realizado, preço, duração, data_hora) VALUES ('Controlo Anti-Doping', 0, 9, 16, '2021-12-24T12:21');
INSERT INTO Teste_Profissional (id_teste_clinico, id_profissional) VALUES (2, 22);
INSERT INTO Atleta_Teste_Clinico (id_teste_clinico, id_atleta) VALUES (2, 21);
INSERT INTO TesteClinico (nome, realizado, preço, duração, data_hora) VALUES ('Análises', 0, 10, 5, '2021-1-12T18:34');
INSERT INTO Teste_Profissional (id_teste_clinico, id_profissional) VALUES (3, 16);
INSERT INTO Atleta_Teste_Clinico (id_teste_clinico, id_atleta) VALUES (3, 81);
INSERT INTO TesteClinico (nome, realizado, preço, duração, data_hora) VALUES ('Análises', 1, 6, 6, '2020-1-8T9:0');
INSERT INTO Teste_Profissional (id_teste_clinico, id_profissional) VALUES (4, 12);
INSERT INTO Atleta_Teste_Clinico (id_teste_clinico, id_atleta) VALUES (4, 85);
INSERT INTO TesteClinico (nome, realizado, preço, duração, data_hora) VALUES ('Controlo Anti-Doping', 0, 10, 14, '2021-3-29T12:28');
INSERT INTO Teste_Profissional (id_teste_clinico, id_profissional) VALUES (5, 6);
INSERT INTO Atleta_Teste_Clinico (id_teste_clinico, id_atleta) VALUES (5, 84);
INSERT INTO TesteClinico (nome, realizado, preço, duração, data_hora) VALUES ('Controlo Anti-Doping', 0, 11, 13, '2021-12-26T20:26');
INSERT INTO Teste_Profissional (id_teste_clinico, id_profissional) VALUES (6, 18);
INSERT INTO Atleta_Teste_Clinico (id_teste_clinico, id_atleta) VALUES (6, 69);
INSERT INTO TesteClinico (nome, realizado, preço, duração, data_hora) VALUES ('Controlo Anti-Doping', 0, 5, 21, '2021-1-19T10:26');
INSERT INTO Teste_Profissional (id_teste_clinico, id_profissional) VALUES (7, 5);
INSERT INTO Atleta_Teste_Clinico (id_teste_clinico, id_atleta) VALUES (7, 80);
INSERT INTO TesteClinico (nome, realizado, preço, duração, data_hora) VALUES ('Análises', 0, 5, 30, '2020-2-11T12:53');
INSERT INTO Teste_Profissional (id_teste_clinico, id_profissional) VALUES (8, 29);
INSERT INTO Atleta_Teste_Clinico (id_teste_clinico, id_atleta) VALUES (8, 22);
INSERT INTO TesteClinico (nome, realizado, preço, duração, data_hora) VALUES ('Análises', 1, 7, 24, '2020-12-3T15:59');
INSERT INTO Teste_Profissional (id_teste_clinico, id_profissional) VALUES (9, 20);
INSERT INTO Atleta_Teste_Clinico (id_teste_clinico, id_atleta) VALUES (9, 6);
INSERT INTO TesteClinico (nome, realizado, preço, duração, data_hora) VALUES ('Controlo Anti-Doping', 0, 15, 6, '2021-6-26T20:46');
INSERT INTO Teste_Profissional (id_teste_clinico, id_profissional) VALUES (10, 16);
INSERT INTO Atleta_Teste_Clinico (id_teste_clinico, id_atleta) VALUES (10, 12);
INSERT INTO TesteClinico (nome, realizado, preço, duração, data_hora) VALUES ('Análises', 1, 7, 28, '2021-5-22T11:29');
INSERT INTO Teste_Profissional (id_teste_clinico, id_profissional) VALUES (11, 25);
INSERT INTO Atleta_Teste_Clinico (id_teste_clinico, id_atleta) VALUES (11, 52);
INSERT INTO TesteClinico (nome, realizado, preço, duração, data_hora) VALUES ('Análises', 1, 13, 14, '2021-5-26T16:25');
INSERT INTO Teste_Profissional (id_teste_clinico, id_profissional) VALUES (12, 18);
INSERT INTO Atleta_Teste_Clinico (id_teste_clinico, id_atleta) VALUES (12, 61);
INSERT INTO TesteClinico (nome, realizado, preço, duração, data_hora) VALUES ('Análises', 1, 11, 28, '2020-9-19T17:16');
INSERT INTO Teste_Profissional (id_teste_clinico, id_profissional) VALUES (13, 4);
INSERT INTO Atleta_Teste_Clinico (id_teste_clinico, id_atleta) VALUES (13, 52);
INSERT INTO TesteClinico (nome, realizado, preço, duração, data_hora) VALUES ('Análises', 1, 15, 26, '2021-8-2T9:17');
INSERT INTO Teste_Profissional (id_teste_clinico, id_profissional) VALUES (14, 19);
INSERT INTO Atleta_Teste_Clinico (id_teste_clinico, id_atleta) VALUES (14, 90);
INSERT INTO TesteClinico (nome, realizado, preço, duração, data_hora) VALUES ('Controlo Anti-Doping', 1, 9, 11, '2021-11-25T12:48');
INSERT INTO Teste_Profissional (id_teste_clinico, id_profissional) VALUES (15, 4);
INSERT INTO Atleta_Teste_Clinico (id_teste_clinico, id_atleta) VALUES (15, 73);
INSERT INTO TesteClinico (nome, realizado, preço, duração, data_hora) VALUES ('Controlo Anti-Doping', 0, 7, 15, '2021-4-19T19:46');
INSERT INTO Teste_Profissional (id_teste_clinico, id_profissional) VALUES (16, 28);
INSERT INTO Atleta_Teste_Clinico (id_teste_clinico, id_atleta) VALUES (16, 96);
INSERT INTO TesteClinico (nome, realizado, preço, duração, data_hora) VALUES ('Análises', 1, 10, 14, '2020-10-27T9:36');
INSERT INTO Teste_Profissional (id_teste_clinico, id_profissional) VALUES (17, 21);
INSERT INTO Atleta_Teste_Clinico (id_teste_clinico, id_atleta) VALUES (17, 38);